ID_Tienda,Tienda,Formato
232,CHEDRAUI SELECTO MEXICO POLANCO 05-05,CHEDRAUI SELECTO
127,CHEDRAUI SELECTO LA PAZ COLIMA 05-10,CHEDRAUI SELECTO
235,CHEDRAUI SELECTO MEXICO UNIVERSIDAD 04-05,CHEDRAUI SELECTO
801,SUPER CHEDRAUI SELECTO PLAYA DEL CARMEN 10-22,SUPER CHEDRAUI SEL
98,CHEDRAUI SELECTO MEXICO SANTA FE 09-13,CHEDRAUI SELECTO
665,SUPER CHEDRAUI SELECTO CANCUN ZONA H 10-14,SUPER CHEDRAUI SEL
617,CHEDRAUI PUERTO ESCONDIDO 01-08,CHEDRAUI AB
99,CHEDRAUI SELECTO OAXACA REFORMA 09-11,CHEDRAUI SELECTO
615,CHEDRAUI HUATULCO 12-07,CHEDRAUI AB
177,CHEDRAUI SELECTO MEXICO PEDREGAL 11-18,CHEDRAUI SELECTO
651,CHEDRAUI PUERTO AVENTURAS 12-10,CHEDRAUI AB
153,CHEDRAUI SELECTO TULUM IPAE 10-11,CHEDRAUI SELECTO
253,CHEDRAUI SELECTO MERIDA NORTE 06-05,CHEDRAUI SELECTO
231,CHEDRAUI SELECTO MEXICO INTERLOMAS 04-05,CHEDRAUI SELECTO
652,SUPER CHEDRAUI SELECTO MEX. SAMARA 11-11,SUPER CHEDRAUI SEL
59,CHEDRAUI SELECTO XALAPA ANIMAS 06-00,CHEDRAUI SELECTO
668,CHEDRAUI SELECTO PUEBLA ANGELOPOLIS 09-15,CHEDRAUI SELECTO
268,CHEDRAUI SELECTO QUERETARO CENTRO SUR 10-21,CHEDRAUI SELECTO
78,SUPER CHEDRAUI SELECTO MERIDA MONTER 11-16,SUPER CHEDRAUI SEL
109,SUPER CHEDRAUI SELECTO INTERLOMAS HILLS 08-19,SUPER CHEDRAUI SEL
274,CHEDRAUI SELECTO CANCUN HUAYACAN 12-25,CHEDRAUI SELECTO
611,CHEDRAUI VALLE DE BRAVO 10-07,CHEDRAUI AB
178,CHEDRAUI SELECTO SAN JOSE DEL CABO 11-17,CHEDRAUI SELECTO
805,SUPER CHEDRAUI SELECTO PARQUE DURAZNOS 10-22,SUPER CHEDRAUI SEL
644,CHEDRAUI ISLA MUJERES 12-11,CHEDRAUI AB
138,CHEDRAUI SELECTO ACAPULCO DIAMANTE 09-11,CHEDRAUI SELECTO
233,CHEDRAUI SELECTO MEXICO COAPA 04-05,CHEDRAUI SELECTO
128,CHEDRAUI CABO SAN LUCAS 05-10,CHEDRAUI AB
655,CHEDRAUI SELECTO MEXICO TECAMACHALCO 11-12,CHEDRAUI SELECTO
176,CHEDRAUI BUCERIAS 08-16,CHEDRAUI AB
62,CHEDRAUI PLAYA DEL CARMEN CENTRO 10-01,CHEDRAUI AB
58,CHEDRAUI COZUMEL CENTRO 12-98,CHEDRAUI AB
47,CHEDRAUI SELECTO CANCUN AMERICAS 12-97,CHEDRAUI SELECTO
262,CHEDRAUI SELECTO GUADALAJARA AV. MEXICO 08-19,CHEDRAUI SELECTO
839,CHEDRAUI SELECTO PUEBLA B CASCATTA 08-24,CHEDRAUI SELECTO
24,CHEDRAUI SELECTO VILLA OLMECA 10-94,CHEDRAUI SELECTO
658,SUPER CHEDRAUI CUERNAVACA ALTA TENS 05-12,SUPER CHEDRAUI AB
144,CHEDRAUI CANCUN CHACMOOL 10-11,CHEDRAUI AB
106,CHEDRAUI SELECTO MEXICO TOREO 04-15,CHEDRAUI SELECTO
663,SUPER CHEDRAUI PUERTO MORELOS CENTRO 10-14,SUPER CHEDRAUI AB
139,CHEDRAUI SELECTO VERACRUZ EL DORADO 11-12,CHEDRAUI SELECTO
249,CHEDRAUI SELECTO GUADALAJARA ACUEDUCTO 05-05,CHEDRAUI SELECTO
281,CHEDRAUI SELECTO MERIDA ALTABRISA 11-25,CHEDRAUI SELECTO
789,SUPER CHEDRAUI SELECTO JUAN PABLO II 11-21,SUPER CHEDRAUI SEL
86,SUPER CHEDRAUI HOLBOX 12-25,CHEDRAUI AB
19,CHEDRAUI XALAPA MUSEO 11-92,CHEDRAUI AB
154,CHEDRAUI MEXICO XOCHIMILCO 12-13,CHEDRAUI AB
234,CHEDRAUI MEXICO AJUSCO 04-05,CHEDRAUI AB
174,CHEDRAUI SELECTO MEXICO FORTUNA 03-17,CHEDRAUI SELECTO
236,CHEDRAUI SELECTO MEXICO MUNDO E 04-05,CHEDRAUI SELECTO
814,SUPER CHEDRAUI SELECTO WTC SEARS 11-22,SUPER CHEDRAUI SEL
143,CHEDRAUI NUEVO VALLARTA 12-11,CHEDRAUI AB
13,CHEDRAUI SELECTO TUXTLA CRYSTAL 06-90,CHEDRAUI AB
723,SUPER CHEDRAUI PUERTO MORELOS PLAYA 11-18,SUPER CHEDRAUI AB
264,CHEDRAUI PUERTO VALLARTA PLAYA DE ORO 09-20,CHEDRAUI AB
32,CHEDRAUI ORIZABA CENTRO 02-96,CHEDRAUI AB
251,CHEDRAUI SELECTO SAN LUIS POTOSI EL DORADO 05-05,CHEDRAUI SELECTO
93,CHEDRAUI MERIDA POLIGONO 10-07,CHEDRAUI AB
4,CHEDRAUI XALAPA CRYSTAL 11-82,CHEDRAUI AB
72,CHEDRAUI SAN CRISTOBAL SAN ROMAN 09-04,CHEDRAUI AB
196,CHEDRAUI SELECTO AGUASCALIENTES 05-20,CHEDRAUI SELECTO
255,CHEDRAUI SELECTO CANCUN KABAH 06-05,CHEDRAUI SELECTO
239,CHEDRAUI MEXICO MOLINA 05-05,CHEDRAUI AB
243,CHEDRAUI SELECTO TOLUCA METEPEC 05-05,CHEDRAUI SELECTO
802,SUPER CHEDRAUI SELECTO PTO PARAISO BCS 11-22,SUPER CHEDRAUI SEL
108,CHEDRAUI GUADALAJARA VALLARTA 12-08,CHEDRAUI AB
15,CHEDRAUI PUEBLA CRYSTAL 03-91,CHEDRAUI AB
20,CHEDRAUI VERACRUZ AMERICAS 10-92,CHEDRAUI AB
186,CHEDRAUI SELECTO QUERETARO JURIQUILLA 11-18,CHEDRAUI SELECTO
626,SUPER CHEDRAUI XAL. IGNACIO DE LA 09-08,SUPER CHEDRAUI AB
749,SUPER CHEDRAUI PUEBLA EXPLANADA 11-18,SUPER CHEDRAUI AB
821,SUPERCITO SELECTO VERACRUZ COSTA DE ORO 10-22,SUPERCITO SEL
333,SUPERCITO SELECTO ARAMBURO LA PAZ MADERO 03-25,APERTURA
774,SUPER CHEDRAUI SELECTO MORELIA ALTOZANO 10-20,SUPER CHEDRAUI SEL
199,CHEDRAUI PLAYA DEL CARMEN VELAMAR 11-18,CHEDRAUI AB
90,CHEDRAUI PLAYA DEL CARMEN AMERICAS 03-07,CHEDRAUI AB
277,CHEDRAUI TOLUCA LERMA DE VILLADA 01-26,CHEDRAUI AB
587,SUPERCITO SELECTO GALERIAS POLANCO 11-24,SUPERCITO SEL
69,CHEDRAUI CHETUMAL INSURGENTES 12-03,CHEDRAUI AB
160,CHEDRAUI MORELIA LA HUERTA 08-12,CHEDRAUI AB
242,CHEDRAUI TOLUCA ALFREDO DEL MAZO 05-05,CHEDRAUI AB
267,CHEDRAUI CELAYA CAMPESTRE 09-20,CHEDRAUI AB
807,SUPERCITO SELECTO PRADO NORTE MIGUEL HIDALGO 08-22,SUPERCITO SEL
52,CHEDRAUI PUEBLA CRUZ DEL SUR 11-04,CHEDRAUI AB
890,SUPERCITO SELECTO TLAX INSURGENTES CUAU 06-24,SUPERCITO SEL
779,SUPER CHEDRAUI PACHUCA EXPLANADA 10-20,SUPER CHEDRAUI AB
670,SUPER CHEDRAUI MEXICO TEZONTLE 12-15,SUPER CHEDRAUI AB
126,CHEDRAUI LA PAZ PALACIO 05-10,CHEDRAUI AB
173,CHEDRAUI MEXICO TEPEYAC 10-18,CHEDRAUI AB
667,SUPER CHEDRAUI MEXICO VIVEROS 12-13,SUPER CHEDRAUI AB
275,CHEDRAUI ZIHUATANEJO CTRAL CAMIONERA 12-24,CHEDRAUI AB
808,SUPERCITO SELECTO LOMAS COUNTRY 08-22,SUPERCITO SEL
198,CHEDRAUI VERACRUZ PORTAL 05-19,CHEDRAUI AB
6,CHEDRAUI VERACRUZ FLORESTA 06-87,CHEDRAUI AB
858,SUPERCITO SELECTO LA ANTIGUA ATIZAPAN 07-23,SUPERCITO SEL
238,CHEDRAUI CUERNAVACA FLORES MAGON 05-05,CHEDRAUI AB
135,CHEDRAUI MERIDA CAUCEL 06-11,CHEDRAUI AB
815,SUPER CHEDRAUI SELECTO ATIZAPAN SEARS 11-22,SUPER CHEDRAUI SEL
322,CHEDRAUI SELECTO BLVD BICENTENARIO 11-25,APERTURA
161,SUPER CHEDRAUI MEXICO BELLAVISTA 10-12,SUPER CHEDRAUI AB
158,CHEDRAUI MEXICO PLAZA AMERICAS 07-12,CHEDRAUI AB
182,SUPER CHEDRAUI SELECTO MEX. OCEANIA 11-21,SUPER CHEDRAUI SEL
147,CHEDRAUI MEXICO CUAJIMALPA FRONDOSO 07-15,CHEDRAUI AB
818,SUPER CHEDRAUI SELECTO COATZACOALCOS SEARS 11-22,SUPER CHEDRAUI SEL
812,CHEDRAUI SELECTO VILLAHERMOSA ALTABRISA SEARS 12-22,CHEDRAUI SELECTO
819,SUPERCITO SELECTO PLAZA INSURGENTES 08-22,SUPERCITO SEL
270,CHEDRAUI XALAPA EL JUGUETE 12-23,CHEDRAUI AB
308,SUPER CHEDRAUI QUERETARO CORREGIDORA 11-25,CHEDRAUI AB
246,CHEDRAUI LEON CAMPESTRE 05-05,CHEDRAUI AB
89,CHEDRAUI QUERETARO NORTE 11-25,CHEDRAUI AB
8,CHEDRAUI COATZACOALCOS CENTRO 10-81,CHEDRAUI AB
101,CHEDRAUI CIUDAD DEL CARMEN PALMIRAS 12-08,CHEDRAUI AB
368,SUPERCITO OBRERO MUNDIAL ALAMOS 09-25,APERTURA
43,CHEDRAUI MERIDA AMERICAS 04-01,CHEDRAUI AB
23,CHEDRAUI OAXACA LA NORIA 01-94,CHEDRAUI AB
552,SUPERCITO SELECTO LOMAS DE TECAMACHALCO 11-24,SUPERCITO SEL
181,CHEDRAUI MEXICO VISTA NORTE 08-18,CHEDRAUI AB
551,SUPERCITO SELECTO CDMX AV. LA PAZ 05-24,SUPERCITO SEL
603,SUPER CHEDRAUI TAXCO GUERRERO 01-07,SUPER CHEDRAUI AB
117,CHEDRAUI MEXICO SAN ESTEBAN 05-10,CHEDRAUI CD
87,CHEDRAUI LA PAZ TRANSPENINSULAR 09-25,CHEDRAUI CD
621,SUPER CHEDRAUI ATOYAC 07-08,SUPER CHEDRAUI CD
576,SUPERCITO SELECTO NAUCALPAN CONSCRIPTO 09-24,SUPERCITO SEL
28,CHEDRAUI TUXPAN CRYSTAL 04-02,CHEDRAUI AB
649,CHEDRAUI HUEJUTLA DE REYES 05-10,CHEDRAUI CD
16,CHEDRAUI POZA RICA CRYSTAL 03-92,CHEDRAUI AB
343,DARK STORE FLORIDA 04-25,DARK STORE
9,CHEDRAUI CORDOBA CRYSTAL 12-87,CHEDRAUI AB
185,CHEDRAUI QUERETARO PASEO 09-18,CHEDRAUI AB
119,CHEDRAUI TLAJOMULCO 11-11,CHEDRAUI CD
63,CHEDRAUI MATAMOROS DEL NI-O 10-02,CHEDRAUI CD
816,SUPER CHEDRAUI COSMOPOL COACALCO SEARS 10-22,SUPER CHEDRAUI AB
341,DARK STORE ZEDEC 10-24,DARK STORE
334,SUPER CHEDRAUI ARAMBURO LA PAZ OCAMPO 03-25,APERTURA
752,SUPER CHEDRAUI TUXTLA AMBAR 08-19,SUPER CHEDRAUI AB
271,CHEDRAUI CANCUN SANTUARIO 05-24,CHEDRAUI AB
200,CHEDRAUI S.F. GUANAJUATO 08-19,CHEDRAUI CD
26,CHEDRAUI CANCUN TULUM 06-94,CHEDRAUI CD
241,CHEDRAUI MEXICO ANFORA 04-05,CHEDRAUI CD
50,CHEDRAUI CIUDAD DEL CARMEN TACUBAYA 07-98,CHEDRAUI AB
41,CHEDRAUI CAMPECHE SANTA ANA 03-97,CHEDRAUI AB
21,CHEDRAUI COATZACOALCOS CRYSTAL 11-92,CHEDRAUI AB
100,CHEDRAUI MEXICO IZTAPALAPA 10-08,CHEDRAUI CD
77,CHEDRAUI PUEBLA UPAEP 03-07,CHEDRAUI CD
179,CHEDRAUI MEXICO ARAGON NORTE 12-20,CHEDRAUI CD
330,SUPER CHEDRAUI ARAMBURO LA PAZ FORJADORES 03-25,APERTURA
237,CHEDRAUI MEXICO TENAYUCA 05-05,CHEDRAUI AB
195,CHEDRAUI MORELOS JIUTEPEC 12-18,CHEDRAUI AB
192,CHEDRAUI DURANGO PORTAL 09-18,CHEDRAUI AB
250,CHEDRAUI AGUASCALIENTES ASUNCION 05-05,CHEDRAUI CD
260,CHEDRAUI MEXICO NEZA IMPULSORA 05-06,CHEDRAUI CD
95,CHEDRAUI QUERETARO CANDILES 10-07,CHEDRAUI CD
283,17650 SUPER CHEDRAUI CHIAPAS OCOSINGO 04-25,SUPER CHEDRAUI CD
30,CHEDRAUI TAPACHULA SUR 06-95,CHEDRAUI AB
159,CHEDRAUI GUADALAJARA COLON 10-12,CHEDRAUI CD
42,CHEDRAUI TUXTEPEC LOS ANGELES 04-97,CHEDRAUI CD
252,CHEDRAUI VILLA CARRIZAL 05-05,CHEDRAUI AB
25,CHEDRAUI CIUDAD VALLES CUAUHTEMOC 10-94,CHEDRAUI AB
171,CHEDRAUI PARAISO TABASCO 07-14,CHEDRAUI AB
73,CHEDRAUI CUAUTLA MORELOS 08-23,CHEDRAUI CD
191,CHEDRAUI ATLIXCO CHACUACO 11-18,CHEDRAUI CD
11,CHEDRAUI VILLA CRYSTAL 12-89,CHEDRAUI AB
141,CHEDRAUI MEXICO COPILCO 10-12,CHEDRAUI CD
112,CHEDRAUI CANCUN VILLAS DEL MAR 11-09,CHEDRAUI CD
342,DARK STORE CAMPESTRE 10-24,DARK STORE
116,CHEDRAUI MEXICO TEPOZAN 09-11,CHEDRAUI CD
91,CHEDRAUI MEXICO TECAMAC 08-05,CHEDRAUI CD
754,CHEDRAUI PACHUCA TULIPANES 11-18,CHEDRAUI CD
121,CHEDRAUI MEXICO CHURUBUSCO 11-20,CHEDRAUI CD
170,CHEDRAUI TUXTLA NORTE 07-13,CHEDRAUI CD
125,CHEDRAUI DURANGO EL REFUGIO 03-11,CHEDRAUI AB
18,CHEDRAUI MEXICO ATIZAPAN 11-91,CHEDRAUI CD
70,CHEDRAUI SAN MARTIN TEXMELUCAN 04-04,CHEDRAUI CD
64,CHEDRAUI TEZIUTLAN CRYSTAL 12-02,CHEDRAUI CD
129,CHEDRAUI MEXICO BUEN TONO 08-10,CHEDRAUI CD
175,CHEDRAUI MEXICO LOMAS ESTRELLA 04-16,CHEDRAUI CD
140,CHEDRAUI MEXICO TULYEHUALCO 12-15,CHEDRAUI CD
266,CHEDRAUI PLAZA COACALCO 09-20,CHEDRAUI CD
256,CHEDRAUI CANCUN MUNDO MAYA 06-05,CHEDRAUI CD
189,CHEDRAUI CABO NORTE 11-18,CHEDRAUI CD
111,CHEDRAUI MEXICO NICOLAS ROMERO 12-09,CHEDRAUI CD
247,CHEDRAUI LEON POLIFORUM 05-05,CHEDRAUI CD
145,CHEDRAUI TLAXCALA APIZACO 08-14,CHEDRAUI CD
96,CHEDRAUI SAN JUAN DEL RIO CENTRO 10-07,CHEDRAUI CD
114,CHEDRAUI GUADALAJARA FEDERALISMO 10-10,CHEDRAUI CD
2,CHEDRAUI XALAPA CENTRO 11-70,CHEDRAUI CD
107,CHEDRAUI MEXICO OJO DE AGUA 03-09,CHEDRAUI CD
604,CHEDRAUI PALENQUE 11-06,CHEDRAUI CD
76,CHEDRAUI PUEBLA CENTRO SUR 03-05,CHEDRAUI CD
92,CHEDRAUI PUEBLA XONACA 11-10,CHEDRAUI CD
66,CHEDRAUI MERIDA ORIENTE 11-03,CHEDRAUI CD
240,CHEDRAUI MEXICO NEZA ESTADIO 05-05,CHEDRAUI CD
17,CHEDRAUI COATEPEC CRYSTAL 03-93,CHEDRAUI CD
193,CHEDRAUI SANTA ANA CHIAUTEMPAN 10-18,CHEDRAUI CD
55,CHEDRAUI LEON TORRES 12-99,CHEDRAUI CD
151,CHEDRAUI CUERNAVACA CTRAL DE ABASTO 10-11,CHEDRAUI CD
133,CHEDRAUI SAN JOSE DEL CABO 10-11,CHEDRAUI CD
245,CHEDRAUI QUERETARO BERNARDO QUINTANA 05-05,CHEDRAUI CD
124,CHEDRAUI TEPIC NAYARIT 10-10,CHEDRAUI CD
39,CHEDRAUI MEXICO PALOMAS 04-96,CHEDRAUI CD
105,CHEDRAUI OAXACA MADERO 11-08,CHEDRAUI CD
184,CHEDRAUI CANCUN ARCO NORTE 10-17,CHEDRAUI CD
157,CHEDRAUI MEXICO HEROES DE TECAMAC 08-12,CHEDRAUI CD
166,CHEDRAUI TEMIXCO MORELOS 12-13,CHEDRAUI CD
37,CHEDRAUI TUXTLA ORIENTE 07-96,CHEDRAUI CD
190,CHEDRAUI COZUMEL TRANSVERSAL 11-18,CHEDRAUI CD
194,CHEDRAUI VERACRUZ TEJERIA 03-21,CHEDRAUI CD
46,CHEDRAUI TEHUACAN CENTRO 11-97,CHEDRAUI CD
29,CHEDRAUI MERIDA ITZAES 04-96,CHEDRAUI CD
169,CHEDRAUI OAXACA XOXOCOTLAN 12-15,CHEDRAUI CD
120,CHEDRAUI VERACRUZ PONTI 09-11,CHEDRAUI CD
123,CHEDRAUI FRESNILLO PLATEROS 12-11,CHEDRAUI CD
33,CHEDRAUI MARTINEZ DE LA TORRE 09-03,CHEDRAUI CD
345,DARK STORE TORIELLO 02-26,DARK STORE
45,CHEDRAUI CANCUN PORTILLO 07-97,CHEDRAUI CD
838,CHEDRAUI CUNDUACAN TABASCO 12-23,CHEDRAUI CD
56,CHEDRAUI MORELIA CENTRO 07-01,CHEDRAUI CD
131,CHEDRAUI MACUSPANA CENTRO 08-11,CHEDRAUI CD
68,CHEDRAUI CANCUN TALLERES 09-04,CHEDRAUI CD
606,CHEDRAUI CARDEL EL MODELO 07-07,CHEDRAUI CD
94,CHEDRAUI PLAYA DEL CARMEN VILLAS 11-16,CHEDRAUI CD
103,CHEDRAUI DURANGO NAZAS 09-17,CHEDRAUI CD
122,CHEDRAUI LA PAZ SANTA FE 11-11,CHEDRAUI CD
676,CHEDRAUI POZA RICA PETROMEX 12-16,CHEDRAUI CD
150,CHEDRAUI COATZACOALCOS UNIVERSIDAD 12-11,CHEDRAUI CD
7,CHEDRAUI VERACRUZ NORTE 09-91,CHEDRAUI CD
265,CHEDRAUI ACAPULCO COSTERA 09-20,CHEDRAUI CD
79,CHEDRAUI VERACRUZ LAS BRISAS 05-06,CHEDRAUI CD
840,CHEDRAUI CANCUN PRADO NORTE 12-23,CHEDRAUI CD
71,CHEDRAUI ACAYUCAN LA PALMA 05-04,CHEDRAUI CD
134,CHEDRAUI CANCUN LAKIN 09-11,CHEDRAUI CD
146,CHEDRAUI MEXICO COACALCO 11-12,CHEDRAUI CD
671,CHEDRAUI HUIMANGUILLO 05-16,CHEDRAUI CD
130,CHEDRAUI MEXICO CIUDAD LABOR 12-12,CHEDRAUI CD
65,CHEDRAUI NUEVO LAREDO AQUILES SERD 08-03,CHEDRAUI CD
605,CHEDRAUI TIERRA BLANCA 07-07,CHEDRAUI CD
110,CHEDRAUI NUEVO LAREDO HIPODROMO 08-10,CHEDRAUI CD
10,CHEDRAUI VILLA MINA 02-80,CHEDRAUI CD
137,CHEDRAUI TAPACHULA PONIENTE 08-11,CHEDRAUI CD
36,CHEDRAUI TAMPICO MADERO 07-96,CHEDRAUI CD
38,CHEDRAUI PUEBLA CAPU 10-96,CHEDRAUI CD
248,CHEDRAUI GUADALAJARA LOMAS TONALA 05-05,CHEDRAUI CD
48,CHEDRAUI VERACRUZ EL COYOL 02-98,CHEDRAUI CD
675,CHEDRAUI SAN ANDRES TUXTLA 11-19,CHEDRAUI CD
163,CHEDRAUI TAMPICO ALTAMIRA 08-13,CHEDRAUI CD
102,CHEDRAUI CAMPECHE VILLA TURQUESA 12-08,CHEDRAUI CD
842,CHEDRAUI MERIDA CAUCEL NORTE 11-23,CHEDRAUI CD
172,CHEDRAUI VERACRUZ ALUMINIO 03-14,CHEDRAUI CD
118,CHEDRAUI CHETUMAL MULTIPLAZA 12-10,CHEDRAUI CD
254,CHEDRAUI ACAPULCO PIE DE LA CUESTA 06-05,CHEDRAUI CD
149,CHEDRAUI LEON SAN JUAN BOSCO 08-11,CHEDRAUI CD
113,CHEDRAUI COMALCALCO NORTE 11-10,CHEDRAUI CD
61,CHEDRAUI VILLA AMERICAS 11-01,CHEDRAUI CD
27,CHEDRAUI POZA RICA PALMAS 03-95,CHEDRAUI CD
60,CHEDRAUI ACAPULCO CAYACO 07-11,CHEDRAUI CD
53,CHEDRAUI CORDOBA CENTRO 05-98,CHEDRAUI CD
22,CHEDRAUI MINATITLAN BERLIN 11-94,CHEDRAUI CD
155,CHEDRAUI S.L.P. SOLEDAD DE GRACIANO 09-15,CHEDRAUI CD
183,CHEDRAUI COMITAN 08-17,CHEDRAUI CD
97,CHEDRAUI VILLA TAMULTE 08-08,CHEDRAUI CD
54,CHEDRAUI MATAMOROS SEXTA 04-98,CHEDRAUI CD
722,SUPER CHEDRAUI HUIXTLA 01-19,SUPER CHEDRAUI CD
785,SUPERCITO REPUBLICA GUSTAVO A. MADERO 12-20,SUPERCITO SEL
751,SUPER CHEDRAUI ALVARADO VER,SUPER CHEDRAUI CD
618,SUPER CHEDRAUI CHAMPOTON 07-08,SUPER CHEDRAUI CD
810,SUPERCITO ESTRELLA IZTAPALAPA 06-22,SUPERCITO SEL
619,SUPER CHEDRAUI TELOLOAPAN 04-08,SUPER CHEDRAUI CD
736,SUPERCITO TECOLOXTITLA IZTAPALAPA 04-18,SUPERCITO SEL
620,SUPER CHEDRAUI CHILAPA 08-08,SUPER CHEDRAUI CD
773,SUPERCITO VERACRUZ RIO MEDIO 05-20,SUPERCITO SEL
1409,DARK STORE ANGEL INDEPENDENCIA 03-26,DARK STORE
798,SUPERCITO CAMINO REAL A TOLUCA 12-21,SUPERCITO SEL
602,SUPER CHEDRAUI PAPANTLA 05-06,SUPER CHEDRAUI CD
829,SUPERCITO VERACRUZ MARTI 11-22,SUPERCITO SEL
623,SUPER CHEDRAUI XAL. CAROLINO ANAYA 12-08,SUPER CHEDRAUI CD
727,SUPERCITO JUAREZ NEZA 07-18,SUPERCITO SEL
272,SUPER CHEDRAUI IXTEPEC OAXACA 05-24,SUPER CHEDRAUI CD
744,SUPERCITO ZAPOTITLAN TLAHUAC 10-18,SUPERCITO SEL
560,SUPERCITO VERACRUZ RIO GUADALQUIVIR,SUPERCITO SEL
759,SUPER CHEDRAUI TOLUCA TEMOAYA 07-23,SUPER CHEDRAUI CD
627,SUPER CHEDRAUI LOMA BONITA 07-08,SUPER CHEDRAUI CD
559,SUPERCITO PUEBLA 14 SUR,SUPERCITO SEL
628,SUPER CHEDRAUI VILLA FLORES 08-08,SUPER CHEDRAUI CD
791,SUPERCITO EMPERADOR AZTECA V. CARRANZA 04-21,SUPERCITO SEL
630,SUPER CHEDRAUI CHIAPA DE CORZO 09-08,SUPER CHEDRAUI CD
616,SUPER CHEDRAUI JALTIPAN 12-07,SUPER CHEDRAUI CD
631,SUPER CHEDRAUI VALLADOLID 09-08,SUPER CHEDRAUI CD
544,SUPERCITO SAN MATEO ATENCO 12-23,SUPERCITO SEL
632,SUPER CHEDRAUI EMILIANO ZAPATA 09-08,SUPER CHEDRAUI CD
197,SUPER CHEDRAUI XAL. REVOLUCION 11-23,SUPER CHEDRAUI CD
633,SUPER CHEDRAUI OMETEPEC 10-08,SUPER CHEDRAUI CD
725,SUPERCITO GUERRA DE REFORMA 06-18,SUPERCITO SEL
634,SUPER CHEDRAUI COSAMALOAPAN 11-08,SUPER CHEDRAUI CD
734,SUPER CHEDRAUI SAN PEDRO POCHUTLA 08-18,SUPER CHEDRAUI CD
635,SUPER CHEDRAUI TENANCINGO 05-11,SUPER CHEDRAUI CD
741,SUPERCITO LA PRESA TLALNEPANTLA 09-18,SUPERCITO SEL
636,SUPER CHEDRAUI NOGALES 10-08,SUPER CHEDRAUI CD
748,SUPERCITO NICOLAS SAN JUAN BENITO JUAREZ 10-18,SUPERCITO SEL
637,CHEDRAUI ALAMO 07-19,SUPER CHEDRAUI CD
753,SUPERCITO LA PRADERA GUSTAVO A. MADERO 12-18,SUPERCITO SEL
643,SUPER CHEDRAUI SAN LUIS DE LA PAZ 10-10,SUPER CHEDRAUI CD
770,SUPERCITO TEPITO CUAUHTEMOC 12-19,SUPERCITO SEL
561,28754 SUPERCITO VERACRUZ ICAZO 06-24,SUPERCITO SEL
777,SUPERCITO VERACRUZ GRACIANO SANCHEZ BOCA DEL RIO 06-20,SUPERCITO SEL
645,SUPER CHEDRAUI FELIPE CARRILLO PUER 11-10,SUPER CHEDRAUI CD
783,SUPERCITO ARCOS CENTENARIO AO 11-20,SUPERCITO SEL
648,SUPER CHEDRAUI TEJUPILCO 06-11,SUPER CHEDRAUI CD
788,SUPERCITO MOCTEZUMA V. CARRANZA 03-21,SUPERCITO SEL
562,SUPERCITO CUAUTEPEC JARDIN,SUPERCITO SEL
795,SUPERCITO CORAS AJUSCO COYOACAN 07-21,SUPERCITO SEL
650,SUPER CHEDRAUI MEXICO CIUDAD AZTECA 01-10,SUPER CHEDRAUI CD
800,SUPERCITO CAMINO A STA FE A. OBREGON 12-21,SUPERCITO SEL
276,SUPER CHEDRAUI PROGRESO YUC 11-24,SUPER CHEDRAUI CD
443,BODEGA DE CONGELADOS PALOMAS 11-25,DARK STORE
556,SUPERCITO PUEBLA CLAVELES,SUPERCITO SEL
498,CEDIS MEX. PERECEDEROS,CEDIS
654,SUPER CHEDRAUI TEAPA 09-11,SUPER CHEDRAUI CD
546,SUPERCITO XALAPA REBSAMEN 12-23,SUPERCITO SEL
278,20252 CHEDRAUI CANCUN RANCHO VIEJO 10-24,CHEDRAUI CD
833,SUPERCITO VERACRUZ CARRANZA 12-22,SUPERCITO SEL
657,SUPER CHEDRAUI XAL. 20 DE NOVIEMBRE 08-11,SUPER CHEDRAUI CD
555,SUPERCITO PUEBLA 67 OTE,SUPERCITO SEL
557,28654 SUPERCITO OJO DE AGUA 09-24,SUPERCITO SEL
167,SUPER CHEDRAUI MEX LAGO D GUADALUPE 11-13,SUPER CHEDRAUI CD
659,SUPER CHEDRAUI TENOSIQUE 12-12,SUPER CHEDRAUI CD
726,SUPERCITO LA ERA 06-18,SUPERCITO SEL
660,SUPER CHEDRAUI HUATUSCO 12-12,SUPER CHEDRAUI CD
731,SUPERCITO SANTA LUCIA 07-18,SUPERCITO SEL
661,SUPER CHEDRAUI PEROTE 02-13,SUPER CHEDRAUI CD
735,SUPER CHEDRAUI CD.SAHAGUN 10-19,SUPER CHEDRAUI CD
44,CHEDRAUI TAMPICO ANDONEGUI 04-98,CHEDRAUI CD
737,SUPER CHE MEXICO CAPULHUAC 11-18,SUPER CHE CD
664,SUPERCITO TEZONTLE IZTAPALAPA 10-17,SUPERCITO SEL
743,SUPERCITO PROHOGAR AZCAPOTZALCO 09-18,SUPERCITO SEL
1,Tienda 1,APERTURA
746,SUPERCITO MORELOS VENUSTIANO CARRANZA 09-18,SUPERCITO SEL
608,SUPER CHEDRAUI TICUL 10-07,SUPER CHEDRAUI CD
613,SUPER CHEDRAUI NANCHITAL 11-07,SUPER CHEDRAUI CD
564,SUPERCITO VERACRUZ DE LA BARRERA 10-24,SUPERCITO SEL
340,DARK STORE CARSO 02-26,APERTURA
610,SUPER CHEDRAUI ESCARCEGA 01-08,SUPER CHEDRAUI CD
582,28649 SUPERCITO TOLUCA JUAREZ 09-24,SUPERCITO SEL
565,29452 SUPERCITO CUERNAVACA PLAZA DE ARMAS 07-24,SUPERCITO SEL
768,SUPERCITO LUIS SPOTA BENITO JUAREZ 01-20,SUPERCITO SEL
673,SUPER CHEDRAUI PANUCO 06-16,SUPER CHEDRAUI CD
772,SUPERCITO MANUEL CAÃ±AS IZTAPALAPA 04-20,SUPERCITO SEL
674,SUPER CHEDRAUI MORELOS CHAMILPA 09-22,SUPER CHEDRAUI CD
614,SUPER CHEDRAUI MACUSPANA 12-07,SUPER CHEDRAUI CD
574,28646 SUPERCITO TOLUCA LA CRESPA 08-24,SUPERCITO SEL
778,SUPERCITO XALAPA SAN BRUNO 08-21,SUPERCITO SEL
31,CHEDRAUI CARDENAS PUEBLO NUEVO 02-97,CHEDRAUI CD
782,SUPERCITO FLOR DE YUCA TLALPAN 10-20,SUPERCITO SEL
677,SUPER CHEDRAUI TUXTLA GUTIERREZ CENTRAL CAMIONERA 11-18,SUPER CHEDRAUI CD
784,SUPERCITO LEGARIA MIGUEL HIDALGO 11-20,SUPERCITO SEL
678,SUPERCITO MEXICO EJE 4 NORTE 10-17,SUPERCITO SEL
786,SUPERCITO SAN MIGUEL IZTAPALAPA 03-21,SUPERCITO SEL
681,SUPERCITO VALLE DEL JUCAR 05-17,SUPERCITO SEL
344,Tienda 344,APERTURA
612,SUPER CHEDRAUI JALPA DE MENDEZ 11-07,SUPER CHEDRAUI CD
794,SUPERCITO MINAS IZTAPALAPA 07-21,SUPERCITO SEL
845,SUPERCITO CORONA DEL ROSAL MC 08-23,SUPERCITO SEL
797,SUPERCITO GUADALUPE VICTORIA GAM 08-21,SUPERCITO SEL
853,SUPERCITO XALAPA MARTIRES DE CHICAGO 07-23,SUPERCITO SEL
799,SUPERCITO EL VERGEL IZTAPALAPA 11-21,SUPERCITO SEL
263,SUPER CHEDRAUI NAUCALPAN 08-20,SUPER CHEDRAUI CD
585,29464 SUPERCITO PUEBLA 25 ORIENTE 09-24,SUPERCITO SEL
864,SUPERCITO LA JUNTA LOS REYES 07-23,SUPERCITO SEL
586,Tienda 586,CHEDRAUI CD
868,SUPERCITO XALAPA AV. VILLAHERMOSA 07-23,SUPERCITO SEL
496,CEDIS VHS. PERECEDEROS,CEDIS
837,SUPER CHEDRAUI AYUTLA GUERRERO 11-23,SUPER CHEDRAUI CD
5,CHEDRAUI VERACRUZ CENTRO 02-76,CHEDRAUI CD
1402,DARK STORE PARQUE LIRA 02-26,DARK STORE
132,SUPER CHEDRAUI AGRICOLA ORIENTAL 06-16,SUPER CHEDRAUI CD
889,SUPERCITO XALAPA HDEZ CASTILLO 02-24,SUPERCITO SEL
545,SUPERCITO CUERNAVACA 3 DE MAYO 12-23,SUPERCITO SEL
891,SUPERCITO LOPEZ MATEOS ATIZAPAN 12-23,SUPERCITO SEL
548,29402 SUPERCITO BANDERILLA 07-24,SUPERCITO SEL
894,SUPERCITO SAN JUANICO TLALNEPANTLA 12-23,SUPERCITO SEL
830,SUPERCITO VERACRUZ YAÃ±EZ 12-22,SUPERCITO SEL
1412,DARK STORE PORTALES 02-26,DARK STORE
836,SUPERCITO XALAPA ATENAS VERACRUZANA 03-23,SUPERCITO SEL
1414,DARK STORE AVANTE 02-26,DARK STORE
1410,DARK STORE ROMA NORTE 02-26,DARK STORE
873,SUPERCITO XALAPA VALLE REAL 09-23,SUPERCITO SEL
601,SUPER CHEDRAUI HUAMANTLA 12-05,SUPER CHEDRAUI CD
878,SUPERCITO CASAS ALEMAN GAM 10-23,SUPERCITO SEL
683,SUPERCITO CUAUTEPEC BARRIO ALTO 11-17,SUPERCITO SEL
851,SUPERCITO VERACRUZ SANCHEZ TAGLE 03-23,SUPERCITO SEL
685,SUPER CHEDRAUI PINOTEPA NACIONAL 10-17,SUPER CHEDRAUI CD
854,SUPERCITO XALAPA LAS TROJES 05-23,SUPERCITO SEL
688,SUPERCITO JALALPA ALVARO OBREGON 07-17,SUPERCITO SEL
861,SUPERCITO XALPA IZTAPALAPA 07-23,SUPERCITO SEL
690,SUPER CHEDRAUI JB LOBOS VERACRUZ 11-17,SUPER CHEDRAUI CD
865,SUPERCITO VERACRUZ DE LA ARMADA 07-23,SUPERCITO SEL
694,SUPERCITO KAUA TLALPAN 06-18,SUPERCITO SEL
870,SUPERCITO AV LAS TORRES CHIMALHUACAN 07-23,SUPERCITO SEL
697,SUPERCITO JUVENTINO ROSAS 09-17,SUPERCITO SEL
876,SUPERCITO SAN GONZALO COYOACAN 09-23,SUPERCITO SEL
700,SUPER CHE MEXICO REFORMA PERALVILLO 06-13,SUPER CHE CD
887,SUPERCITO LORETO FABELA GAM 11-23,SUPERCITO SEL
701,SUPER CHE MEXICO ECATEPEC ROSALES 12-13,SUPER CHE CD
554,SUPERCITO XALAPA CAM A CHILTOYAC 02-24,SUPERCITO SEL
702,SUPER CHE MEXICO CUAUTEPEC 12-13,SUPER CHE CD
893,SUPERCITO COL DOCTORES CUAUHTEMOC 11-23,SUPERCITO SEL
703,SUPER CHEDRAUI VILLA GAVIOTAS 12-13,SUPER CHEDRAUI CD
1411,DARK STORE FUENTES DEL PE 02-26,DARK STORE
705,SUPER CHE ACAPULCO CENTRO 05-15,SUPER CHE CD
1413,DARK STORE AJUSCO 02-26,DARK STORE
706,SUPER CHE TAMPICO CENTRO 01-15,SUPER CHE CD
1415,DARK STORE LINDAVISTA 02-26,DARK STORE
707,SUPER CHE ZITACUARO 04-15,SUPER CHE CD
1406,DARK STORE GRANJAS 03-26,DARK STORE
709,SUPER CHEDRAUI CIUDAD HIDALGO 11-16,SUPER CHEDRAUI CD
716,SUPER CHEDRAUI OCOZOCOAUTLA CENTRO 11-17,SUPER CHEDRAUI CD
625,SUPER CHEDRAUI TLAPA DE COMONFORT 09-08,SUPER CHEDRAUI CD
622,SUPER CHEDRAUI TEPEACA 07-08,SUPER CHEDRAUI CD
553,Tienda 553,APERTURA
1400,DARK STORE SAN ANGEL 04-26,DARK STORE
1401,DARK STORE SANTA FE 01-26,DARK STORE
1403,DARK STORE MANITOBA 03-26,DARK STORE
1405,DARK STORE LAS AGUILAS 02-26,DARK STORE
1420,DARK STORE ARCOS 05-26,DARK STORE
1421,DARK STORE CONSTITUYENTES 05-26,DARK STORE
1441,DARK STORE NARVARTE 05-26,DARK STORE
1437,DARK STORE ATIZAPAN 04-26,DARK STORE
1438,DARK STORE TOREO 04-26,DARK STORE
1439,DARK STORE LA RAZA 04-26,DARK STORE
3,Tienda 3,APERTURA
259,Tienda 259,APERTURA
282,Tienda 282,APERTURA
500,Tienda 500,APERTURA
501,Tienda 501,APERTURA
513,Tienda 513,APERTURA
514,Tienda 514,APERTURA
529,Tienda 529,APERTURA
747,Tienda 747,APERTURA
817,Tienda 817,APERTURA
1145,DARK STORE ,DARK STORE
1417,DARK STORE ,DARK STORE
1422,DARK STORE ,DARK STORE
1423,DARK STORE ,DARK STORE
1424,DARK STORE ,DARK STORE
1426,DARK STORE ,DARK STORE
1427,DARK STORE ,DARK STORE
1428,DARK STORE ,DARK STORE
1431,DARK STORE ,DARK STORE
1443,DARK STORE ,DARK STORE
